retriever,accuracy,rejection_quality,avg_latency_sec
bm25,0.3,0.0,0.08906183242797852
tfidf,0.1,0.0,0.046479415893554685
faiss,0.6,0.0,0.011531909306844076
pgvector_ivfflat,0.5,0.19999999999999996,0.021791505813598632
pgvector_hnsw,0.1,0.8,0.018250767389933267
